tripping,22
standards,22
deftly,22
superseded,22
bazaar,22
librarian,22
electrical,22
beverage,22
incited,22
achieve,22
saliva,22
saline,22
forks,22
par,22
reddened,22
nova,22
disperse,22
krsnoe,22
makers,22
leopards,22
dammage,22
masons,22
isaac,22
judgements,22
sutra,22
cong,22
seating,22
unlawful,22
surviving,22
101,22
fetching,22
fruitful,22
lizzies,22
fences,22
contradicted,22
lidwell,22
brake,22
olmtz,22
narrowly,22
exceeds,22
colder,22
inlaid,22
ascension,22
brunswick,22
dishonourable,22
wretches,22
rhetor,22
explicit,22
doughty,22
congenial,22
wholesale,22
pl,22
lied,22
barefoot,22
shelves,22
similitude,22
potash,22
ex,22
excursion,22
offences,22
emphatic,22
bulky,22
putnam,22
inmate,22
feat,22
suspend,22
frogs,22
ark,22
serpents,22
coiled,22
21st,22
drapery,22
hellas,22
171,22
wines,22
founder,22
germs,22
programme,22
whit,22
thud,22
hussey,22
tremor,22
invest,22
avaricious,22
husbandman,22
inquest,22
cordelia,22
checking,22
reeled,22
blanc,22
sagacious,22
conformity,22
nile,22
mixd,22
kinsmen,22
neverland,22
chaffing,22
teasing,22
retribution,22
accommodated,22
decorate,22
translator,22
participation,22
hypotheses,22
stroll,22
jennys,22
reclined,22
clavichord,22
splashed,22
usefulness,22
withall,22
godfather,22
pungent,22
fucks,22
rake,22
knotted,22
parable,22
gentlemanlike,22
cannonade,22
diminishing,22
jealousies,22
slighted,22
neared,22
universities,22
guiltless,22
licence,22
brixton,22
fathom,22
balancing,22
imparts,22
plus,22
doleful,22
outset,22
trabbs,22
debauchery,22
dispense,22
unctuous,22
ticking,22
conceivable,22
decency,22
dames,22
classic,22
peremptory,22
blotted,22
respectability,22
proprietors,22
roasting,22
holles,22
nobly,22
informs,22
theft,22
lewdness,22
iss,22
screened,22
apparel,22
sufferers,22
durr,22
taketh,22
widger,22
oliverotto,22
cycle,22
traverse,22
alluvial,22
feasting,22
harris,22
goblet,22
lacked,22
spitting,22
halfadozen,22
whereon,22
obrien,22
cornwallis,22
middling,22
cottages,22
100000,22
rib,22
erring,22
snuffboxes,22
recognizes,22
disciple,22
weaving,22
fireworks,22
boldest,22
housekeeping,22
breezes,22
everybodys,22
luxuries,22
gentlemanly,22
peg,22
exeter,22
discharging,22
saxony,22
obtains,22
politicians,22
purchasing,22
parchment,22
waggon,22
deduce,22
comic,22
razor,22
subordination,22
ford,22
stupendous,22
reposed,22
ordain,22
wrenched,22
27th,22
bulwark,22
karamazovs,22
louisiana,22
consuls,22
hampden,22
wallpaper,22
uguccione,22
rubber,22
byrne,22
suckling,22
therell,22
faithless,22
mea,22
initial,22
traps,22
lempereur,22
parrot,22
embodied,22
selfconfident,22
sow,22
86,22
braided,22
apparitions,22
exploit,22
astounding,22
breakfasted,22
admirer,22
cosy,22
helsings,22
manifestation,22
rend,22
closes,22
possessd,22
thanksgiving,22
transferring,22
housed,22
turnip,22
periodical,22
nimble,22
178,22
filial,22
willingness,22
cooling,22
pitying,22
tenant,22
hermes,22
piety,22
ryazn,22
astounded,22
flamed,22
drill,22
antient,22
epistle,22
listless,22
tuft,22
militiamen,22
tract,22
shouldered,22
matrons,22
reynolds,22
byandby,22
entreating,22
lining,22
152,22
depriving,22
timely,22
prettily,22
drissa,22
po,22
bats,22
easiest,22
parnell,22
hazarded,22
slates,22
sophy,22
baseness,22
coffins,22
roe,22
resignd,22
assign,22
1862,22
arduous,22
bedford,22
rumor,22
clustered,22
successes,22
paralyzed,22
penitence,22
signing,22
grays,22
investigations,22
weights,22
xxvi,22
drivers,22
pigeons,22
lamenting,22
presided,22
prints,22
expedients,22
acquit,22
freckled,22
deceitful,22
incredulity,22
portraits,22
shedding,22
spider,22
copiously,22
rends,22
smash,22
disposeth,22
fundamentall,22
tombs,22
nomad,22
buckets,22
starvation,22
surmounted,22
jesting,22
timbers,22
expansion,22
gainst,22
meagre,22
magnetic,22
whips,22
proximity,22
tugging,22
miscellaneous,22
jagged,22
auxiliary,22
agility,22
sheepskin,22
repairs,22
dummling,22
trafalgar,22
leemetford,22
spasm,22
157,22
disappoint,22
groves,22
pitiable,22
occupies,22
oats,22
hesiod,22
imperative,22
orgy,22
zhutchka,22
succor,22
gory,22
righthand,22
suppliant,22
penitent,22
despotism,22
hop,22
beetle,22
meditate,22
trample,22
settlers,22
publick,22
assizes,22
birches,22
sketches,22
oarsmen,22
isolation,22
salmon,22
defences,22
antecedent,22
bundles,22
hostilities,22
unawares,22
vacancies,22
sportsmen,22
colourless,22
bustling,22
unforeseen,22
observance,22
batess,22
badgers,22
unanimous,22
machines,22
shapeless,22
federals,22
reserves,22
ruffled,22
unprotected,22
charlestown,22
involving,21
combed,21
quarreled,21
crocodiles,21
predominant,21
withheld,21
jis,21
intercept,21
kittys,21
der,21
mandeira,21
sinigalia,21
incompatible,21
falcon,21
tempestuous,21
session,21
propensities,21
oily,21
stocks,21
fir,21
cod,21
grouped,21
scornfully,21
odor,21
freemasonry,21
discouraged,21
misgiving,21
eg,21
gypsum,21
bagratins,21
bespoke,21
batter,21
clocks,21
actress,21
floors,21
steeped,21
busted,21
redeemed,21
vogue,21
brawny,21
mistaking,21
goodly,21
lakeman,21
twos,21
porpoise,21
pythagorean,21
imitator,21
wards,21
purchaser,21
safeguard,21
pits,21
politiques,21
reformed,21
admirers,21
sundown,21
quenched,21
dissensions,21
honeymoon,21
coroner,21
146,21
160,21
deformed,21
diligent,21
fatherinlaw,21
calendar,21
inhabit,21
sleepers,21
brushwood,21
parsee,21
343,21
depressing,21
peremptorily,21
respond,21
unaffected,21
twigs,21
fleece,21
cannibal,21
cypher,21
employd,21
ostrich,21
masks,21
jumps,21
regeneration,21
grasses,21
northeast,21
mercenaries,21
mahomed,21
businesslike,21
durable,21
perspiring,21
turbulent,21
inventions,21
unguarded,21
mightily,21
program,21
gage,21
achaeans,21
infidel,21
headland,21
rudolph,21
eased,21
occupant,21
pourd,21
concentration,21
lombardy,21
ridges,21
dandy,21
lodger,21
infected,21
reporting,21
realities,21
fabric,21
drained,21
2018,21
dint,21
hammers,21
puffs,21
plums,21
folio,21
unwritten,21
sausages,21
hartebeest,21
outrageous,21
heather,21
washstand,21
speckled,21
jacky,21
yous,21
outwards,21
reformation,21
deathbed,21
etext,21
forsake,21
unnaturally,21
significations,21
perchance,21
smallpox,21
nmes,21
exaggeration,21
chatting,21
calcareous,21
inferences,21
orbs,21
foil,21
lewis,21
shortened,21
windlass,21
compromising,21
oyster,21
emery,21
apprentice,21
deepened,21
menton,21
agafya,21
extant,21
maidenhead,21
ripple,21
womanly,21
betook,21
tested,21
lurid,21
castles,21
constellation,21
thereunto,21
elegantly,21
jeune,21
el,21
toying,21
falsely,21
comprised,21
oppress,21
requesting,21
fagged,21
familiarly,21
ruthless,21
sipping,21
mended,21
giles,21
deities,21
clashing,21
publish,21
duels,21
acceptance,21
advancement,21
sanctum,21
index,21
elevating,21
oozing,21
whaler,21
ordeal,21
expenditure,21
silky,21
decides,21
function,21
mourners,21
294,21
11th,21
grenadiers,21
108,21
hells,21
denies,21
burnd,21
kurtzs,21
distract,21
frail,21
booty,21
bowls,21
artificiall,21
attitudes,21
mountainous,21
upheld,21
outlet,21
decently,21
corslet,21
insufferable,21
newcastle,21
avenues,21
bankrupt,21
baltimore,21
longdrawn,21
clients,21
maintains,21
talbot,21
comical,21
doubloon,21
fallacious,21
sebastian,21
propensity,21
againe,21
usher,21
unholy,21
machugh,21
dancers,21
astir,21
marvels,21
partlet,21
higelacs,21
rye,21
easter,21
dardan,21
subterranean,21
jackal,21
garrisons,21
cooper,21
flared,21
gingerbread,21
paralytic,21
gough,21
hares,21
rostopchns,21
lowly,21
thimble,21
distended,21
satiated,21
scrawled,21
propounded,21
12th,21
stinking,21
peeled,21
outcast,21
democratic,21
ulster,21
tripoli,21
unconnected,21
councell,21
porridge,21
sample,21
impregnable,21
throbs,21
sich,21
spoons,21
relapsed,21
somebodys,21
ambitions,21
clamours,21
antichrist,21
apologies,21
adopting,21
hopping,21
impertinence,21
geometrical,21
exhibiting,21
caprices,21
drownded,21
irrepressible,21
tasks,21
beausset,21
powerfully,21
hi,21
betrothal,21
josiah,21
comely,21
mats,21
absorbing,21
garlands,21
gipsies,21
ariseth,21
noisily,21
shiny,21
elicited,21
malignity,21
clam,21
missouri,21
indiana,21
leviathans,21
grapple,21
wrapt,21
cornish,21
theology,21
woodcock,21
seventeenth,21
artisans,21
photo,21
nervousness,21
drags,21
protruding,21
sampson,21
casserole,21
wring,21
firmer,21
191,21
enlisted,21
advantageously,21
undo,21
mortifying,21
proofreading,21
countryside,21
efficiency,21
prop,21
misgivings,21
175,21
137,21
prescott,21
torturing,21
disc,21
intoxication,21
casement,21
retreats,21
archbishop,21
classical,21
tradesmen,21
contests,21
escapes,21
depose,21
fainter,21
pardieu,21
196,21
latterly,21
semblance,21
weakest,21
brig,21
churubusco,21
myth,21
outcome,21
decease,21
politic,21
ranges,21
145,21
allayed,21
publisher,21
sacks,21
unmistakable,21
skirting,21
northward,21
wid,21
overspread,21
thirtytwo,21
